<?xml version="1.0" encoding="UTF-8"?>
<!DOCTYPE mapper PUBLIC "-//mybatis.org//DTD Mapper 3.0//EN" "http://mybatis.org/dtd/mybatis-3-mapper.dtd">
<mapper namespace="com.example.mapper.ReportMapper">
 	 <select id="newCode" resultType="String">
      select concat('r',
      max((substr(r_code, 2)) + 1)) as new_code
      from tbl_report;
   </select>
	 <select id="list" resultType="com.example.domain.ReportVO">
	 	select * from tbl_report 
	 	limit 0, 10;
 	 </select>
 	 <select id="read" resultType="com.example.domain.ReportVO">
	 	select * from tbl_report 
		where r_code=#{r_code};
 	 </select>
 	 <insert id="insert">
 	 	insert into tbl_report
 	 	(r_code,suer,defender,r_result, r_type)
 	 	values(#{r_code}, #{suer}, #{defender}, #{r_result}, #{r_type})
 	 </insert>
 	 <update id="update_del">
 	 	update tbl_report
 	 	set suer='u000'
 	 	where suer=(select d_code from tbl_user_delete where DATEDIFF(now(),(tbl_user_delete.d_date))>=14);
 	 </update>
</mapper>