<?xml version="1.0" encoding="UTF-8"?>
<!DOCTYPE mapper PUBLIC "-//mybatis.org//DTD Mapper 3.0//EN" "http://mybatis.org/dtd/mybatis-3-mapper.dtd">
<mapper namespace="com.example.mapper.ReviewMapper">
	<select id="list" resultType="com.example.domain.ReviewVO">
		select * from tbl_review
	</select>
	
	<select id="newCode" resultType="String">
		select ifnull(
   			concat(#{s_code}, concat('r', max((substr(r_code, 5)) + 1))),
    		concat(#{s_code}, concat('r', 1))
		) as new_code
		from tbl_review
		where s_code = #{s_code};
	</select>

	<insert id="insert">
		insert into tbl_review (r_code, s_code, u_code,r_content,r_rating)
		values(#{r_code}, #{s_code}, #{u_code}, #{r_content}, #{r_rating})
	</insert>
	<delete id="delete">
		delete from tbl_review
		where s_code=#{s_code} 
	</delete>
	<select id="sread" resultType="com.example.domain.ReviewVO">
		select r.*, u.u_id
		from tbl_review r, tbl_user u
		where s_code = #{s_code} and r.u_code = u.u_code order by review_date desc;
	</select>
	<select id="read" resultType="com.example.domain.ReviewVO">
		select *
		from tbl_review
		where s_code = #{s_code}
	</select>
	
	<update id="photoupdate">
		update tbl_reivew
		set r_photo = #{r_photo}
		where r_code = #{r_code}
	</update>
	
	<!-- 리뷰 코드 구하기 -->
 	 <select id="reviewCode" resultType="String">
 	 	select ifnull(
 	 		concat(#{s_code}, concat('r', max((substr(r_code, 4)) + 1))),
 	 		concat(#{s_code}, concat('r', 1))
 		) as new_code
 		from tbl_review
 		where s_code = #{s_code}
 	 </select>
 	 
 	 <update id="reviewupdate">
 	 	update tbl_review set r_reply = true where r_code = #{r_code}; 
 	 </update>
	
	<update id="update_del">
 	 	update tbl_review
 	 	set u_code='u000'
 	 	where u_code=(select d_code from tbl_user_delete where DATEDIFF(now(),(tbl_user_delete.d_date))>=14);
 	 </update>
 	 
 	 <insert id="storeinsert">
 	 	insert into tbl_review (s_code, u_code, r_content)
 	 	values(#{s_code}, #{u_code}, #{r_content})
 	 </insert>
 	 
</mapper>